order_id,order_date,customer_id,product,region,sales_rep,quantity,unit_price,discount,revenue,cost,profit
ORD-00001,2023-11-24,Customer_048,Gadget Plus,North,Rep_Carol,16,119.37,0.15,1623.43,699.29,924.14
ORD-00002,2023-10-07,Customer_028,Gadget Plus,Central,Rep_Alice,2,55.91,0.0,781.44,61.68,50.14
ORD-00003,2023-11-29,Customer_015,Unit Economy,West,Rep_David,38,146.31,0.2,4447.82,1787.8,2660.02
ORD-00004,2023-12-24,Customer_018,Kit Premium,East,Rep_Bob,14,479.03,0.0,6706.42,2888.21,3818.21
ORD-00005,2023-07-03,Customer_017,Module Advanced,Central,Rep_Alice,47,235.12,0.0,11050.64,7646.32,3404.32
ORD-00006,2023-10-10,Customer_024,System Basic,Central,Rep_Emma,13,355.24,0.0,4618.12,2763.39,1854.73
ORD-00007,2023-02-10,Customer_025,Tool Ultra,North,Rep_Carol,30,321.49,0.0,9644.7,4328.5,5316.2
ORD-00008,2023-12-10,Customer_039,System Basic,North,Rep_Frank,11,271.73,0.0,2989.03,1342.14,1646.89
ORD-00009,2023-11-24,Customer_044,Unit Economy,South,Rep_Carol,50,390.24,0.0,19512.0,12615.3,6896.7
ORD-00010,2023-07-25,Customer_014,System Basic,North,Rep_Emma,46,164.19,0.15,6419.83,3529.43,2890.4
ORD-00011,2023-11-26,Customer_017,Pack Standard,South,Rep_Bob,16,375.04,0.1,5400.58,2585.92,2814.66
ORD-00012,2023-10-26,Customer_015,Kit Premium,East,Rep_Bob,33,251.82,0.2,6648.05,2753.19,3894.86
ORD-00013,2023-11-18,Customer_039,Device Max,West,Rep_Alice,25,196.99,0.05,4678.51,2614.04,2064.47
ORD-00014,2023-01-06,Customer_049,Gadget Plus,Central,Rep_Carol,50,324.07,0.0,16203.5,7908.12,8295.38
ORD-00015,2023-01-02,Customer_049,System Basic,Central,Rep_Bob,33,457.19,0.2,12069.82,7092.11,4977.71
ORD-00016,2023-09-17,Customer_010,Bundle Elite,South,Rep_Carol,49,89.16,0.2,3495.07,2365.22,1129.85
ORD-00017,2023-11-03,Customer_002,Module Advanced,West,Rep_Alice,24,440.57,0.2,8458.94,5430.91,3028.03
ORD-00018,2023-05-04,Customer_006,Bundle Elite,North,Rep_Frank,32,409.85,0.2,10492.16,5873.64,4618.52
ORD-00019,2023-12-04,Customer_011,Pack Standard,Central,Rep_Carol,34,437.49,0.05,14130.93,9740.58,4390.35
ORD-00020,2023-12-20,Customer_026,Tool Ultra,East,Rep_Frank,42,192.98,0.1,7294.64,3905.88,3388.76
ORD-00021,2023-02-02,Customer_038,Module Advanced,North,Rep_Emma,15,298.34,0.0,4475.1,1885.35,2589.75
ORD-00022,2023-04-28,Customer_022,Gadget Plus,North,Rep_Alice,33,126.62,0.15,3551.69,1937.89,1613.8
ORD-00023,2023-10-20,Customer_016,Bundle Elite,West,Rep_David,27,103.3,0.0,2789.1,1667.03,1122.07
ORD-00024,2023-07-30,Customer_044,Pack Standard,North,Rep_Frank,42,58.22,0.05,2322.98,1436.68,886.3
ORD-00025,2023-02-25,Customer_013,Tool Ultra,South,Rep_Emma,29,78.69,0.0,2282.01,1103.5,1178.51
ORD-00026,2023-02-08,Customer_007,Pack Standard,Central,Rep_Alice,42,499.65,0.2,16788.24,6789.62,9998.62
ORD-00027,2023-05-02,Customer_032,Device Max,West,Rep_David,14,433.68,0.0,54062.14,2728.49,3343.03
ORD-00028,2023-08-21,Customer_045,System Basic,West,Rep_Frank,36,334.32,0.05,11433.74,5104.47,6329.27
ORD-00029,2023-01-30,Customer_004,Bundle Elite,Central,Rep_Frank,21,38.01,0.1,718.39,390.11,328.28
ORD-00030,2023-09-29,Customer_033,Device Max,North,Rep_Alice,12,43.58,0.0,522.96,315.12,207.84
ORD-00031,2023-03-03,Customer_038,Bundle Elite,South,Rep_Emma,3,313.5,0.05,893.47,533.59,359.88
ORD-00032,2023-06-11,Customer_043,System Basic,South,Rep_Frank,21,126.96,0.05,2532.85,1112.59,1420.26
ORD-00033,2023-08-23,Customer_001,Module Advanced,North,Rep_David,40,499.24,0.0,19969.6,8426.74,11542.86
ORD-00034,2023-05-16,Customer_005,Device Max,East,Rep_Bob,24,149.64,0.05,3411.79,2218.08,1193.71
ORD-00035,2023-11-10,Customer_043,Unit Economy,North,Rep_Emma,20,466.56,0.0,9331.2,6360.88,2970.32
ORD-00036,2023-03-01,Customer_010,Gadget Plus,Central,Rep_Carol,19,306.37,0.15,4947.88,2488.11,2459.77
ORD-00037,2023-05-16,Customer_017,Unit Economy,West,Rep_Alice,6,320.8,0.2,19573.2,743.75,796.09
ORD-00038,2023-11-23,Customer_048,System Basic,South,Rep_David,36,355.78,0.1,11527.27,4644.35,6882.92
ORD-00039,2023-12-20,Customer_003,Device Max,Central,Rep_Carol,38,280.74,0.05,10134.71,4441.37,5693.34
ORD-00040,2023-01-21,Customer_044,Module Advanced,South,Rep_Bob,43,60.37,0.2,2076.73,1179.51,897.22
ORD-00041,2023-11-14,Customer_011,Device Max,South,Rep_Bob,27,22.15,0.15,508.34,344.32,164.02
ORD-00042,2023-07-30,Customer_011,Tool Ultra,East,Rep_Frank,7,197.45,0.0,1382.15,908.87,473.28
ORD-00043,2023-08-24,Customer_015,Module Advanced,East,Rep_Bob,2,333.42,0.05,633.5,315.79,317.71
ORD-00044,2023-05-23,Customer_026,Module Advanced,Central,Rep_Frank,35,172.26,0.0,6029.1,2620.26,3408.84
ORD-00045,2023-04-02,Customer_003,Bundle Elite,East,Rep_Alice,39,222.94,0.15,7390.46,4699.8,2690.66
ORD-00046,2023-09-19,Customer_037,Gadget Plus,West,Rep_Bob,17,31.75,0.05,512.76,205.36,307.4
ORD-00047,2023-10-03,Customer_028,Tool Ultra,East,Rep_Alice,43,461.18,0.1,17847.67,8819.87,9027.8
ORD-00048,2023-06-03,Customer_043,Unit Economy,East,Rep_David,21,207.18,0.0,4350.78,2463.95,1886.83
ORD-00049,2023-12-07,Customer_040,Kit Premium,South,Rep_Emma,20,208.98,0.2,3343.68,1337.88,2005.8
ORD-00050,2023-08-09,Customer_042,Bundle Elite,Central,Rep_Carol,30,226.48,0.15,5775.24,2680.35,3094.89
ORD-00051,2023-03-28,Customer_033,Gadget Plus,East,Rep_Frank,41,313.44,0.0,12851.04,8295.69,4555.35
ORD-00052,2023-12-11,Customer_013,System Basic,South,Rep_Bob,2,32.64,0.05,62.02,36.18,25.84
ORD-00053,2023-08-22,Customer_013,Kit Premium,Central,Rep_Frank,45,198.15,0.05,8470.91,4008.4,4462.51
ORD-00054,2023-01-03,Customer_015,Gadget Plus,West,Rep_Bob,45,263.8,0.0,11871.0,6733.49,5137.51
ORD-00055,2023-03-04,Customer_030,Pack Standard,South,Rep_Frank,34,494.07,0.1,15118.54,7486.54,7632.0
ORD-00056,2023-08-15,Customer_028,Bundle Elite,Central,Rep_Emma,29,449.63,0.15,11083.38,7297.83,3785.55
ORD-00057,2023-05-07,Customer_032,System Basic,Central,Rep_Frank,16,144.55,0.0,2312.8,1420.21,892.59
ORD-00058,2023-06-21,Customer_006,Module Advanced,Central,Rep_Bob,10,123.32,0.15,1048.22,467.34,580.88
ORD-00059,2023-08-01,Customer_035,Kit Premium,East,Rep_David,27,40.51,0.2,875.02,460.3,414.72
ORD-00060,2023-10-27,Customer_025,Widget Pro,Central,Rep_David,1,471.94,0.0,471.94,295.45,176.49
ORD-00061,2023-08-03,Customer_039,Unit Economy,Central,Rep_Bob,32,117.52,0.05,3572.61,1949.55,1623.06
ORD-00062,2023-12-09,Customer_030,Kit Premium,South,Rep_Bob,40,271.72,0.05,10325.36,5963.6,4361.76
ORD-00063,2023-02-12,Customer_030,Kit Premium,South,Rep_Bob,4,137.48,0.0,549.92,254.89,295.03
ORD-00064,2023-07-14,Customer_017,System Basic,West,Rep_Alice,31,19.5,0.1,544.05,226.12,317.93
ORD-00065,2023-04-25,Customer_049,Gadget Plus,North,Rep_Alice,16,107.69,0.0,1723.04,1010.39,712.65
ORD-00066,2023-08-31,Customer_014,Gadget Plus,Central,Rep_David,45,135.56,0.0,6100.2,2747.14,3353.06
ORD-00067,2023-02-28,Customer_007,Device Max,,Rep_Emma,2,465.15,0.1,837.27,505.04,332.23
ORD-00068,2023-07-23,Customer_038,Tool Ultra,North,Rep_Frank,41,129.0,0.15,4495.65,2840.1,1655.55
ORD-00069,2023-11-04,Customer_003,Gadget Plus,Central,Rep_Carol,35,219.91,,7696.85,3237.96,4458.89
ORD-00070,2023-01-07,Customer_007,Kit Premium,West,Rep_David,24,321.44,0.2,6171.65,3319.87,2851.78
ORD-00071,2023-04-01,Customer_040,Unit Economy,East,Rep_Emma,50,246.91,0.05,11728.22,7596.61,4131.61
ORD-00072,2023-06-15,Customer_018,Tool Ultra,North,Rep_David,16,377.73,0.1,5439.31,3171.66,2267.65
ORD-00073,2023-01-15,Customer_012,Pack Standard,East,Rep_David,14,183.86,0.0,2574.04,1292.43,1281.61
ORD-00074,2023-12-26,Customer_001,System Basic,Central,Rep_Emma,13,51.95,,574.05,299.61,274.44
ORD-00075,2023-05-04,Customer_029,Pack Standard,West,Rep_Alice,6,154.18,0.05,878.83,533.92,344.91
ORD-00076,2023-10-25,Customer_036,Module Advanced,West,Rep_Emma,23,218.5,0.15,4271.68,2414.0,1857.68
ORD-00077,2023-08-21,Customer_017,System Basic,East,Rep_Bob,8,363.43,0.0,2907.44,1267.26,1640.18
ORD-00078,2023-12-20,Customer_014,Device Max,South,Rep_Frank,31,145.48,0.1,4058.89,2812.74,1246.15
ORD-00079,2023-05-25,Customer_019,Gadget Plus,South,Rep_Bob,24,97.93,0.0,2350.32,1439.35,910.97
ORD-00080,2023-01-24,Customer_019,Widget Pro,Central,Rep_Frank,9,322.56,0.2,2322.43,1270.98,1051.45
ORD-00081,2023-10-21,Customer_031,System Basic,West,Rep_David,22,100.34,0.0,2207.48,1050.19,1157.29
ORD-00082,2023-02-28,Customer_032,Gadget Plus,West,Rep_Alice,37,318.43,0.0,11781.91,5249.05,6532.86
ORD-00083,2023-06-05,Customer_008,Gadget Plus,South,Rep_Emma,49,213.93,0.1,9434.31,6011.75,3422.56
ORD-00084,2023-09-25,Customer_029,Kit Premium,West,Rep_Carol,38,495.12,0.0,18814.56,10735.38,8079.18
ORD-00085,2023-02-20,Customer_017,Tool Ultra,South,Rep_Frank,6,86.96,0.0,521.76,295.11,226.65
ORD-00086,2023-07-29,Customer_031,Pack Standard,Central,Rep_Carol,3,123.42,0.15,314.72,152.58,162.14
ORD-00087,2023-02-06,Customer_041,Tool Ultra,East,Rep_Emma,43,403.91,0.0,17368.13,9162.41,8205.72
ORD-00088,2023-11-28,Customer_010,Device Max,East,Rep_Alice,4,91.3,0.0,365.2,211.27,153.93
ORD-00089,2023-05-28,Customer_030,Pack Standard,North,Rep_Frank,20,352.87,0.0,7057.4,3882.57,3174.83
ORD-00090,2023-02-11,Customer_028,Bundle Elite,North,Rep_Frank,21,305.82,0.0,6422.22,2744.84,3677.38
ORD-00091,2023-10-22,Customer_049,Bundle Elite,North,Rep_Frank,18,292.36,0.2,4209.98,2639.15,1570.83
ORD-00092,2023-11-30,Customer_012,Pack Standard,East,Rep_Emma,28,321.04,0.05,8539.66,5898.48,2641.18
ORD-00093,2023-07-29,Customer_043,Module Advanced,East,Rep_Alice,11,171.6,0.15,1604.46,880.27,724.19
ORD-00094,2023-07-25,Customer_030,Unit Economy,North,Rep_Alice,21,133.68,0.0,2807.28,1939.99,867.29
ORD-00095,2023-09-21,Customer_030,Widget Pro,Central,Rep_David,4,101.92,0.0,407.68,239.22,168.46
ORD-00096,2023-08-15,Customer_018,Widget Pro,South,Rep_Emma,9,464.56,0.05,3971.99,2638.41,1333.58
ORD-00097,2023-01-15,Customer_046,Bundle Elite,South,Rep_Bob,20,279.91,0.1,5038.38,2632.04,2406.34
ORD-00098,2023-02-28,Customer_042,Pack Standard,North,Rep_Bob,32,467.0,0.0,14944.0,8258.98,6685.02
ORD-00099,2023-09-05,Customer_030,Pack Standard,South,Rep_Emma,10,197.96,0.1,1781.64,984.31,797.33
ORD-00100,2023-02-05,Customer_022,System Basic,West,Rep_Emma,18,412.07,0.0,7417.26,4582.5,2834.76
ORD-00101,2023-10-24,Customer_029,Pack Standard,South,Rep_Emma,31,179.11,0.1,4997.17,3142.53,1854.64
ORD-00102,2023-06-14,Customer_037,Tool Ultra,South,Rep_David,15,429.45,0.05,6119.66,2528.0,3591.66
ORD-00103,2023-12-28,Customer_043,Kit Premium,West,Rep_Frank,10,252.71,0.0,2527.1,1106.55,1420.55
ORD-00104,2023-06-19,Customer_007,Gadget Plus,West,Rep_Emma,30,17.52,0.0,525.6,274.89,250.71
ORD-00105,2023-03-21,Customer_017,Gadget Plus,West,Rep_Carol,40,349.43,,11880.62,5038.51,6842.11
ORD-00106,2023-12-12,Customer_021,Unit Economy,West,Rep_Frank,46,444.84,0.05,19439.51,12863.41,6576.1
ORD-00107,2023-02-05,Customer_015,Tool Ultra,East,Rep_Frank,6,222.65,0.0,1335.9,839.09,496.81
ORD-00108,2023-02-21,Customer_045,Pack Standard,South,Rep_Carol,2,32.54,0.2,52.06,21.7,30.36
ORD-00109,2023-08-09,Customer_034,Device Max,South,Rep_David,37,344.08,0.0,12730.96,5741.6,6989.36
ORD-00110,2023-07-15,Customer_032,Bundle Elite,South,Rep_Emma,10,123.77,0.15,1052.05,500.98,551.07
ORD-00111,2023-01-05,Customer_044,Pack Standard,East,Rep_Emma,11,46.19,0.0,508.09,353.78,154.31
ORD-00112,2023-08-06,Customer_020,System Basic,West,Rep_Bob,25,428.13,0.0,10703.25,5042.96,5660.29
ORD-00113,2023-10-22,Customer_002,System Basic,East,Rep_Frank,26,144.5,0.1,3381.3,2230.04,1151.26
ORD-00114,2023-01-26,Customer_019,Bundle Elite,West,Rep_Bob,39,402.95,0.0,15715.05,9287.36,6427.69
ORD-00115,2023-12-14,Customer_041,Device Max,North,Rep_Frank,3,161.38,0.05,459.93,188.58,271.35
ORD-00116,2023-03-09,Customer_021,Gadget Plus,East,Rep_Frank,27,96.06,0.0,2593.62,1649.42,944.2
ORD-00117,2023-07-07,Customer_018,Unit Economy,Central,Rep_Bob,17,457.88,0.05,7394.76,5103.98,2290.78
ORD-00118,2023-06-23,Customer_005,Gadget Plus,West,Rep_Bob,49,483.59,0.2,18956.73,11428.96,7527.77
ORD-00119,2023-07-23,Customer_006,Unit Economy,East,Rep_David,1,139.58,0.0,139.58,74.88,64.7
ORD-00120,2023-12-11,Customer_025,System Basic,Central,Rep_Frank,24,63.09,0.0,1514.16,819.83,694.33
ORD-00121,2023-10-15,Customer_015,Module Advanced,Central,Rep_Frank,5,321.35,0.05,1526.41,1026.99,499.42
ORD-00122,2023-07-29,Customer_003,Gadget Plus,South,Rep_Alice,20,498.0,0.0,9960.0,4274.41,5685.59
ORD-00123,2023-03-11,Customer_024,Kit Premium,West,Rep_Frank,48,351.28,0.1,15175.3,7978.23,7197.07
ORD-00124,2023-03-21,Customer_032,Kit Premium,,Rep_Emma,27,470.14,0.0,12693.78,5202.1,7491.68
ORD-00125,2023-08-16,Customer_024,Pack Standard,South,Rep_Alice,44,189.99,,7105.63,3606.83,3498.8
ORD-00126,2023-04-08,Customer_006,Gadget Plus,West,Rep_Frank,14,324.44,0.1,4087.94,2826.11,1261.83
ORD-00127,2023-06-20,Customer_037,Tool Ultra,South,Rep_Bob,5,416.61,0.1,1874.75,866.41,1008.34
ORD-00128,2023-04-30,Customer_039,Module Advanced,South,Rep_Alice,18,430.62,0.0,7751.16,5396.81,2354.35
ORD-00129,2023-03-31,Customer_009,Gadget Plus,North,Rep_Alice,23,397.09,0.0,69901.55,5266.64,3866.43
ORD-00130,2023-03-06,Customer_008,Kit Premium,Central,Rep_Frank,5,243.36,0.2,973.44,495.1,478.34
ORD-00131,2023-08-20,Customer_040,Unit Economy,South,Rep_Alice,47,393.78,0.2,14806.13,8849.19,5956.94
ORD-00132,2023-11-26,Customer_031,Widget Pro,North,Rep_David,28,346.19,0.05,9208.65,5651.54,3557.11
ORD-00133,2023-02-11,Customer_010,Module Advanced,Central,Rep_Alice,9,144.76,0.15,1107.41,637.44,469.97
ORD-00134,2023-07-15,Customer_019,Bundle Elite,Central,Rep_David,33,306.66,0.0,10119.78,6455.7,3664.08
ORD-00135,2023-12-02,Customer_028,Unit Economy,South,Rep_David,15,212.77,0.2,2553.24,1368.66,1184.58
ORD-00136,2023-02-18,Customer_021,Module Advanced,West,Rep_Frank,17,193.41,0.0,3287.97,1992.66,1295.31
ORD-00137,2023-02-16,Customer_028,Gadget Plus,North,Rep_Alice,48,372.01,0.2,14285.18,6271.69,8013.49
ORD-00138,2023-10-15,Customer_043,Unit Economy,East,Rep_Alice,27,183.26,0.15,4205.82,2869.79,1336.03
ORD-00139,2023-01-27,Customer_020,System Basic,Central,Rep_Carol,7,293.18,0.0,2052.26,916.17,1136.09
ORD-00140,2023-02-25,Customer_024,Module Advanced,Central,Rep_Alice,49,146.5,0.0,7178.5,4609.79,2568.71
ORD-00141,2023-11-15,Customer_002,Bundle Elite,Central,Rep_Emma,43,416.44,0.0,17906.92,7318.31,10588.61
ORD-00142,2023-06-08,Customer_001,Module Advanced,East,Rep_Bob,10,287.5,0.05,2731.25,1149.52,1581.73
ORD-00143,2023-01-16,Customer_014,Gadget Plus,Central,Rep_David,27,232.29,0.0,6271.83,3205.01,3066.82
ORD-00144,2023-10-18,Customer_004,Bundle Elite,North,Rep_Bob,11,379.67,0.0,4176.37,2514.97,1661.4
ORD-00145,2023-12-05,Customer_039,Kit Premium,West,Rep_David,27,143.85,0.2,3107.16,1720.45,1386.71
ORD-00146,2023-02-26,Customer_032,System Basic,Central,Rep_Emma,43,161.13,0.0,6928.59,3593.02,3335.57
ORD-00147,2023-01-04,Customer_014,Tool Ultra,East,Rep_Bob,49,135.2,0.0,6624.8,2888.38,3736.42
ORD-00148,2023-08-09,Customer_025,Device Max,South,Rep_Emma,46,122.75,0.1,5081.85,3303.23,1778.62
ORD-00149,2023-02-06,Customer_028,Kit Premium,North,Rep_Alice,30,461.37,0.2,11072.88,5469.1,5603.78
ORD-00150,2023-07-27,Customer_008,Kit Premium,East,Rep_David,2,483.44,0.0,966.88,619.19,347.69
ORD-00151,2023-12-20,Customer_028,Module Advanced,North,Rep_Alice,16,223.48,0.05,3396.9,1892.71,1504.19
ORD-00152,2023-06-08,Customer_022,Module Advanced,South,Rep_Bob,5,260.14,0.0,1300.7,727.33,573.37
ORD-00153,2023-06-28,Customer_016,Module Advanced,South,Rep_Alice,10,135.42,0.0,1354.2,786.41,567.79
ORD-00154,2023-12-02,Customer_050,Gadget Plus,South,Rep_Frank,32,237.34,0.1,6835.39,4292.37,2543.02
ORD-00155,2023-10-17,Customer_041,Bundle Elite,East,Rep_Carol,10,225.48,0.05,2142.06,1140.99,1001.07
ORD-00156,2023-05-21,Customer_023,Bundle Elite,North,Rep_Emma,5,162.1,,769.97,316.67,453.3
ORD-00157,2023-05-27,Customer_040,Gadget Plus,North,Rep_Emma,33,198.4,0.1,5892.48,3336.88,2555.6
ORD-00158,2023-01-22,Customer_042,Pack Standard,Central,Rep_Bob,21,306.45,0.1,5791.9,2578.89,3213.01
ORD-00159,2023-02-22,Customer_033,Module Advanced,North,Rep_Frank,12,29.18,0.15,297.64,158.14,139.5
ORD-00160,2023-09-25,Customer_024,Bundle Elite,South,Rep_Carol,19,199.83,0.2,3037.42,1523.3,1514.12
ORD-00161,2023-11-20,Customer_022,Module Advanced,North,Rep_Alice,36,342.41,0.0,12326.76,5862.59,6464.17
ORD-00162,2023-11-05,Customer_006,Device Max,East,Rep_Emma,43,79.3,0.0,3409.9,1681.32,1728.58
ORD-00163,2023-12-06,Customer_039,Kit Premium,South,Rep_Frank,6,161.7,0.05,921.69,546.61,375.08
ORD-00164,2023-03-07,Customer_042,Unit Economy,North,Rep_Frank,28,259.16,0.0,7256.48,3691.95,3564.53
ORD-00165,2023-04-20,Customer_013,Module Advanced,West,Rep_Bob,9,85.92,0.0,773.28,505.21,268.07
ORD-00166,2023-10-04,Customer_043,Unit Economy,North,Rep_Carol,50,312.84,0.1,14077.8,7222.14,6855.66
ORD-00167,2023-12-21,Customer_047,Bundle Elite,South,Rep_David,3,211.32,0.15,538.87,331.88,206.99
ORD-00168,2023-11-09,Customer_015,System Basic,West,Rep_Emma,16,161.64,0.2,2068.99,1314.45,754.54
ORD-00169,2023-04-10,Customer_029,Module Advanced,Central,Rep_David,50,148.07,0.05,7033.32,3874.46,3158.86
ORD-00170,2023-03-24,Customer_009,Tool Ultra,Central,Rep_Carol,4,324.18,0.2,1037.38,530.48,506.9
ORD-00171,2023-12-31,Customer_019,Unit Economy,North,Rep_Alice,49,88.55,0.05,4122.0,2768.3,1353.7
ORD-00172,2023-08-12,Customer_029,Gadget Plus,South,Rep_Carol,2,213.3,0.05,405.27,223.14,182.13
ORD-00173,2023-02-11,Customer_002,Module Advanced,South,Rep_Carol,7,421.2,0.15,2506.14,1254.54,1251.6
ORD-00174,2023-01-20,Customer_045,System Basic,West,Rep_Bob,49,355.71,0.05,16558.3,9680.06,6878.24
ORD-00175,2023-01-10,Customer_010,System Basic,South,Rep_Emma,47,308.35,0.05,13767.83,5966.37,7801.46
ORD-00176,2023-06-04,Customer_016,Gadget Plus,North,Rep_David,41,399.01,0.05,15541.44,6509.41,9032.03
ORD-00177,2023-09-13,Customer_002,Bundle Elite,Central,Rep_Frank,33,291.77,0.15,8184.15,3626.18,4557.97
ORD-00178,2023-11-11,Customer_037,Module Advanced,South,Rep_David,12,335.54,0.0,4026.48,2242.93,1783.55
ORD-00179,2023-09-27,Customer_033,Unit Economy,Central,Rep_Emma,2,201.32,0.05,382.51,158.0,224.51
ORD-00180,2023-07-11,Customer_023,System Basic,North,Rep_Alice,23,128.15,0.15,2505.33,1474.33,1031.0
ORD-00181,2023-06-20,Customer_023,Device Max,North,Rep_Emma,22,408.62,0.0,8989.64,5835.31,3154.33
ORD-00182,2023-12-23,Customer_009,Pack Standard,South,Rep_Alice,46,390.33,0.05,17057.42,7012.22,10045.2
ORD-00183,2023-04-13,Customer_020,Widget Pro,East,Rep_Emma,26,494.67,0.1,11575.28,6274.03,5301.25
ORD-00184,2023-11-28,Customer_023,Tool Ultra,East,Rep_Alice,42,172.64,0.0,7250.88,4639.13,2611.75
ORD-00185,2023-07-24,Customer_022,Pack Standard,West,Rep_Bob,32,349.11,0.0,11171.52,7566.39,3605.13
ORD-00186,2023-02-12,Customer_028,Kit Premium,North,Rep_Emma,12,277.28,0.0,3327.36,1433.36,1894.0
ORD-00187,2023-06-01,Customer_039,System Basic,West,Rep_Frank,28,91.66,0.05,2438.16,1232.4,1205.76
ORD-00188,2023-06-30,Customer_018,Bundle Elite,West,Rep_Frank,4,46.77,0.15,159.02,82.99,76.03
ORD-00189,2023-12-14,Customer_010,Device Max,North,Rep_Emma,44,392.84,0.0,17284.96,7568.55,9716.41
ORD-00190,2023-11-27,Customer_025,Module Advanced,East,Rep_Emma,3,306.5,0.15,781.57,418.12,363.45
ORD-00191,2023-08-16,Customer_009,Gadget Plus,Central,Rep_Emma,24,205.04,0.15,4182.82,2022.84,2159.98
ORD-00192,2023-01-14,Customer_034,Device Max,West,Rep_David,36,67.7,0.2,1949.76,932.15,1017.61
ORD-00193,2023-11-10,Customer_013,System Basic,West,Rep_Alice,9,427.88,0.05,3658.37,1652.84,2005.53
ORD-00194,2023-02-14,Customer_046,Module Advanced,East,Rep_Alice,36,275.66,0.0,9923.76,6504.12,3419.64
ORD-00195,2023-12-25,Customer_033,Device Max,,Rep_Bob,8,492.71,0.2,3153.34,1392.71,1760.63
ORD-00196,2023-01-14,Customer_037,Module Advanced,Central,Rep_Carol,30,403.79,0.1,10902.33,4785.37,6116.96
ORD-00197,2023-02-03,Customer_046,System Basic,West,Rep_Frank,31,267.59,0.2,6636.23,3469.62,3166.61
ORD-00198,2023-03-06,Customer_029,Module Advanced,North,Rep_David,44,263.51,0.0,11594.44,7691.61,3902.83
ORD-00199,2023-11-24,Customer_050,Bundle Elite,South,Rep_Bob,28,256.4,0.2,5743.36,2392.82,3350.54
ORD-00200,2023-03-20,Customer_011,System Basic,South,Rep_Carol,46,120.48,0.1,4987.87,3334.28,1653.59
ORD-00201,2023-05-09,Customer_018,Tool Ultra,Central,Rep_Bob,41,158.38,0.1,5844.22,2501.49,3342.73
ORD-00202,2023-10-31,Customer_011,Bundle Elite,South,Rep_Frank,40,363.11,0.1,13071.96,6552.79,6519.17
ORD-00203,2023-01-22,Customer_003,Widget Pro,North,Rep_Frank,50,292.62,0.15,12436.35,5761.05,6675.3
ORD-00204,2023-11-13,Customer_041,Widget Pro,West,Rep_Emma,19,324.53,0.0,6166.07,3359.79,2806.28
ORD-00205,2023-12-17,Customer_030,Kit Premium,East,Rep_Alice,45,39.36,0.05,1682.64,882.86,799.78
ORD-00206,2023-06-24,Customer_021,Bundle Elite,South,Rep_Frank,21,369.76,0.2,6211.97,3128.42,3083.55
ORD-00207,2023-07-09,Customer_007,Unit Economy,Central,Rep_Carol,16,238.57,0.0,3817.12,2041.7,1775.42
ORD-00208,2023-01-26,Customer_040,System Basic,West,Rep_David,16,481.72,0.0,7707.52,4963.98,2743.54
ORD-00209,2023-06-10,Customer_032,Tool Ultra,South,Rep_Emma,30,254.39,0.0,7631.7,4191.41,3440.29
ORD-00210,2023-07-21,Customer_016,Unit Economy,West,Rep_Bob,38,182.92,0.0,6950.96,3367.09,3583.87
ORD-00211,2023-12-01,Customer_035,Pack Standard,East,Rep_Alice,7,221.15,0.0,1548.05,957.09,590.96
ORD-00212,2023-07-07,Customer_004,Widget Pro,West,Rep_Emma,36,105.38,0.1,3414.31,1661.34,1752.97
ORD-00213,2023-08-19,Customer_040,Unit Economy,East,Rep_Frank,40,68.22,0.0,2728.8,1413.99,1314.81
ORD-00214,2023-06-23,Customer_049,Unit Economy,East,Rep_Bob,13,305.21,0.05,3769.34,2073.23,1696.11
ORD-00215,2023-03-12,Customer_034,Module Advanced,West,Rep_David,10,307.07,0.1,2763.63,1221.34,1542.29
ORD-00216,2023-06-13,Customer_040,Device Max,West,Rep_Frank,20,300.93,0.1,5416.74,3512.68,1904.06
ORD-00217,2023-12-29,Customer_031,Bundle Elite,East,Rep_Alice,24,172.31,0.0,4135.44,2869.87,1265.57
ORD-00218,2023-12-19,Customer_031,Widget Pro,Central,Rep_Carol,42,393.62,0.2,13225.63,7585.46,5640.17
ORD-00219,2023-01-27,Customer_011,Bundle Elite,West,Rep_Emma,41,363.38,0.2,11918.86,7775.27,4143.59
ORD-00220,2023-12-15,Customer_037,Tool Ultra,North,Rep_Frank,8,103.48,0.05,786.45,388.59,397.86
ORD-00221,2023-12-20,Customer_033,Tool Ultra,West,Rep_Emma,31,437.68,0.15,11532.87,7129.86,4403.01
ORD-00222,2023-09-23,Customer_021,Tool Ultra,Central,Rep_Frank,31,267.48,0.0,8291.88,5696.57,2595.31
ORD-00223,2023-09-30,Customer_023,Module Advanced,Central,Rep_Frank,50,435.15,0.15,18493.88,10966.74,7527.14
ORD-00224,2023-11-09,Customer_016,Pack Standard,South,Rep_Carol,36,156.26,0.0,5625.36,3551.58,2073.78
ORD-00225,2023-12-20,Customer_031,Pack Standard,East,Rep_Carol,36,467.51,0.2,13464.29,8300.73,5163.56
ORD-00226,2023-10-21,Customer_026,Unit Economy,West,Rep_Carol,50,404.26,0.0,20213.0,8340.29,11872.71
ORD-00227,2023-02-10,Customer_042,Module Advanced,West,Rep_Carol,48,244.75,0.0,11748.0,7617.23,4130.77
ORD-00228,2023-10-15,Customer_007,System Basic,South,Rep_Emma,48,297.55,0.0,14282.4,5930.48,8351.92
ORD-00229,2023-04-26,Customer_007,Tool Ultra,North,Rep_David,22,361.51,0.0,7953.22,4806.59,3146.63
ORD-00230,2023-10-09,Customer_042,Device Max,West,Rep_David,31,328.76,0.2,8153.25,5619.01,2534.24
ORD-00231,2023-11-27,Customer_042,Widget Pro,North,Rep_Emma,15,272.22,0.15,3470.81,2273.73,1197.08
ORD-00232,2023-03-31,Customer_003,Kit Premium,South,Rep_David,32,101.29,0.15,2755.09,1897.26,857.83
ORD-00233,2023-01-20,Customer_037,Widget Pro,East,Rep_Emma,7,464.94,0.0,3254.58,1579.67,1674.91
ORD-00234,2023-10-06,Customer_009,Unit Economy,West,Rep_Emma,30,143.69,0.2,3448.56,1495.96,1952.6
ORD-00235,2023-08-23,Customer_001,System Basic,South,Rep_Frank,22,397.48,0.1,7870.1,4740.32,3129.78
ORD-00236,2023-11-09,Customer_033,Kit Premium,West,Rep_Carol,6,206.41,0.0,1238.46,564.04,674.42
ORD-00237,2023-06-15,Customer_017,Tool Ultra,North,Rep_David,16,228.9,0.0,3662.4,2513.18,1149.22
ORD-00238,2023-10-21,Customer_042,Widget Pro,East,Rep_Carol,45,125.79,0.15,4811.47,2095.24,2716.23
ORD-00239,2023-07-27,Customer_045,Unit Economy,East,Rep_Alice,41,458.9,0.0,18814.9,9600.55,9214.35
ORD-00240,2023-03-10,Customer_030,Pack Standard,South,Rep_Frank,39,193.08,0.15,6400.6,3614.87,2785.73
ORD-00241,2023-10-03,Customer_044,Tool Ultra,South,Rep_Emma,6,267.5,0.1,1444.5,882.78,561.72
ORD-00242,2023-10-16,Customer_036,Gadget Plus,North,Rep_Emma,13,290.62,0.0,3778.06,1697.71,2080.35
ORD-00243,2023-08-15,Customer_046,Gadget Plus,South,Rep_Emma,32,54.56,0.1,1571.33,838.53,732.8
ORD-00244,2023-03-09,Customer_030,Unit Economy,West,Rep_Emma,4,283.81,0.15,964.95,619.57,345.38
ORD-00245,2023-07-22,Customer_048,System Basic,North,Rep_Bob,38,45.78,0.05,1652.66,831.88,820.78
ORD-00246,2023-01-31,Customer_003,Gadget Plus,West,Rep_Carol,27,98.19,0.0,2651.13,1669.54,981.59
ORD-00247,2023-11-27,Customer_025,Kit Premium,East,Rep_David,25,194.07,0.15,4123.99,2842.43,1281.56
ORD-00248,2023-03-10,Customer_012,Module Advanced,North,Rep_Emma,26,269.13,0.15,5947.77,4125.48,1822.29
ORD-00249,2023-01-12,Customer_044,System Basic,West,Rep_Frank,35,217.82,0.05,7242.51,4685.96,2556.55
ORD-00250,2023-06-27,Customer_013,Device Max,East,Rep_Frank,49,65.29,0.2,2559.37,1530.66,1028.71
ORD-00251,2023-01-09,Customer_005,Tool Ultra,South,Rep_Alice,39,26.45,0.1,928.39,558.53,369.86
ORD-00252,2023-05-06,Customer_029,Widget Pro,West,Rep_Bob,35,116.46,0.2,3260.88,2063.55,1197.33
ORD-00253,2023-05-29,Customer_021,Tool Ultra,Central,Rep_Emma,39,388.54,0.2,12122.45,6015.15,6107.3
ORD-00254,2023-03-15,Customer_027,Unit Economy,South,Rep_Carol,18,39.87,0.1,645.89,428.82,217.07
ORD-00255,2023-11-17,Customer_032,Kit Premium,Central,Rep_Alice,23,471.38,0.15,9215.48,4739.95,4475.53
ORD-00256,2023-12-23,Customer_010,Kit Premium,West,Rep_Carol,25,100.1,0.1,2252.25,1220.84,1031.41
ORD-00257,2023-06-03,Customer_004,Device Max,West,Rep_Emma,27,484.22,0.1,11766.55,6577.47,5189.08
ORD-00258,2023-05-11,Customer_042,Tool Ultra,East,Rep_Alice,29,425.1,0.0,12327.9,6912.14,5415.76
ORD-00259,2023-01-27,Customer_044,System Basic,West,Rep_Emma,39,29.38,0.0,1145.82,523.01,622.81
ORD-00260,2023-12-10,Customer_031,Unit Economy,South,Rep_Bob,22,158.56,0.0,3488.32,1616.98,1871.34
ORD-00261,2023-03-02,Customer_045,Pack Standard,South,Rep_Emma,46,110.21,0.0,5069.66,2867.52,2202.14
ORD-00262,2023-07-14,Customer_042,Pack Standard,Central,Rep_Carol,20,138.17,0.1,2487.06,1653.51,833.55
ORD-00263,2023-08-29,Customer_024,Module Advanced,South,Rep_Carol,27,32.4,0.2,699.84,326.39,373.45
ORD-00264,2023-05-14,Customer_038,Unit Economy,Central,Rep_Frank,27,154.64,0.0,4175.28,2083.3,2091.98
ORD-00265,2023-05-06,Customer_042,Pack Standard,Central,Rep_Frank,22,136.09,0.2,2395.18,1309.17,1086.01
ORD-00266,2023-09-09,Customer_047,Pack Standard,South,Rep_Carol,11,78.58,0.1,777.94,425.14,352.8
ORD-00267,2023-10-05,Customer_003,Widget Pro,Central,Rep_Alice,43,33.77,0.0,1452.11,760.5,691.61
ORD-00268,2023-04-29,Customer_001,Gadget Plus,South,Rep_Bob,33,233.44,0.0,7703.52,4509.26,3194.26
ORD-00269,2023-11-12,Customer_002,Pack Standard,West,Rep_Alice,35,280.31,0.0,9810.85,3973.57,5837.28
ORD-00270,2023-10-02,Customer_033,System Basic,North,Rep_Frank,44,220.98,0.0,9723.12,4201.41,5521.71
ORD-00271,2023-03-18,Customer_040,Tool Ultra,South,Rep_Emma,17,409.46,0.0,6960.82,4444.35,2516.47
ORD-00272,2023-07-27,Customer_016,Pack Standard,Central,Rep_Frank,15,156.99,0.2,1883.88,1232.74,651.14
ORD-00273,2023-11-29,Customer_026,Widget Pro,North,Rep_David,25,280.82,0.0,7020.5,4149.29,2871.21
ORD-00274,2023-02-12,Customer_042,Pack Standard,West,Rep_Carol,37,488.89,0.0,18088.93,12091.32,5997.61
ORD-00275,2023-04-28,Customer_031,Tool Ultra,Central,Rep_Carol,3,462.84,0.15,1180.24,799.82,380.42
ORD-00276,2023-10-16,Customer_021,Widget Pro,South,Rep_Alice,14,297.65,0.2,3333.68,2154.25,1179.43
ORD-00277,2023-02-09,Customer_037,System Basic,South,Rep_Bob,37,418.98,0.05,14727.15,8882.1,5845.05
ORD-00278,2023-07-16,Customer_033,Device Max,North,Rep_Frank,23,36.31,0.05,793.37,372.6,420.77
ORD-00279,2023-11-06,Customer_026,Bundle Elite,Central,Rep_Carol,2,320.72,0.2,513.15,358.06,155.09
ORD-00280,2023-07-02,Customer_028,Unit Economy,West,Rep_Bob,44,297.08,0.05,12417.94,5286.42,7131.52
ORD-00281,2023-05-07,Customer_018,Gadget Plus,North,Rep_Bob,25,358.72,0.15,7622.8,3401.93,4220.87
ORD-00282,2023-07-04,Customer_001,Gadget Plus,North,Rep_Carol,29,186.36,0.0,5404.44,2327.53,3076.91
ORD-00283,2023-08-09,Customer_036,Pack Standard,Central,Rep_Emma,27,60.61,0.0,1636.47,828.34,808.13
ORD-00284,2023-11-03,Customer_001,Module Advanced,West,Rep_Carol,27,200.02,0.0,5400.54,3334.58,2065.96
ORD-00285,2023-05-05,Customer_011,Bundle Elite,Central,Rep_Frank,25,93.06,0.0,2326.5,1140.77,1185.73
ORD-00286,2023-02-02,Customer_018,Device Max,West,Rep_David,20,247.27,0.0,4945.4,2513.93,2431.47
ORD-00287,2023-11-17,Customer_040,Pack Standard,Central,Rep_Bob,30,62.42,0.0,1872.6,752.84,1119.76
ORD-00288,2023-11-14,Customer_029,Kit Premium,East,Rep_Carol,28,409.58,0.2,9174.59,5461.73,3712.86
ORD-00289,2023-06-03,Customer_045,Module Advanced,Central,Rep_Bob,31,163.95,0.05,4828.33,3334.53,1493.8
ORD-00290,2023-12-22,Customer_016,Pack Standard,Central,Rep_Carol,25,147.35,0.2,2947.0,1526.19,1420.81
ORD-00291,2023-10-16,Customer_035,Tool Ultra,Central,Rep_Bob,44,386.13,0.0,16989.72,11653.27,5336.45
ORD-00292,2023-12-29,Customer_019,Tool Ultra,West,Rep_Frank,5,411.29,0.2,1645.16,1050.46,594.7
ORD-00293,2023-03-13,Customer_017,System Basic,South,Rep_Frank,10,360.47,0.2,2883.76,1479.65,1404.11
ORD-00294,2023-11-03,Customer_026,Pack Standard,Central,Rep_Emma,33,462.51,0.2,12210.26,7417.89,4792.37
ORD-00295,2023-07-04,Customer_041,Unit Economy,Central,Rep_Alice,7,386.79,0.15,2301.4,1379.48,921.92
ORD-00296,2023-11-10,Customer_042,Widget Pro,Central,Rep_Frank,42,205.81,0.2,6915.22,3454.01,3461.21
ORD-00297,2023-02-24,Customer_017,Widget Pro,North,Rep_Bob,33,375.96,0.1,11166.01,6411.03,4754.98
ORD-00298,2023-08-17,Customer_030,Module Advanced,West,Rep_Frank,38,348.31,0.0,80016.82,6664.09,6571.69
ORD-00299,2023-08-01,Customer_047,Gadget Plus,North,Rep_Bob,23,162.83,0.05,3557.84,2260.23,1297.61
ORD-00300,2023-06-28,Customer_029,Pack Standard,North,Rep_Frank,45,231.7,0.0,10426.5,5109.81,5316.69
ORD-00301,2023-02-28,Customer_042,Widget Pro,East,Rep_Alice,44,402.02,0.15,15035.55,7114.43,7921.12
ORD-00302,2023-03-23,Customer_028,Module Advanced,Central,Rep_David,15,400.9,0.15,5111.47,2327.43,2784.04
ORD-00303,2023-08-10,Customer_048,Kit Premium,North,Rep_Emma,13,230.29,0.05,2844.08,1469.4,1374.68
ORD-00304,2023-04-16,Customer_037,System Basic,North,Rep_Alice,35,101.61,0.0,3556.35,1632.8,1923.55
ORD-00305,2023-12-10,Customer_041,Pack Standard,Central,Rep_Carol,39,200.43,0.05,7425.93,4278.09,3147.84
ORD-00306,2023-08-23,Customer_044,Bundle Elite,South,Rep_Frank,20,460.15,0.1,8282.7,3523.67,4759.03
ORD-00307,2023-03-02,Customer_008,Tool Ultra,,Rep_Bob,24,349.78,0.1,7555.25,3902.58,3652.67
ORD-00308,2023-10-22,Customer_012,Kit Premium,West,Rep_David,41,273.32,0.15,9525.2,6469.6,3055.6
ORD-00309,2023-03-27,Customer_009,Pack Standard,East,Rep_Bob,21,422.57,0.1,7986.57,3323.08,4663.49
ORD-00310,2023-01-05,Customer_013,Pack Standard,South,Rep_David,36,257.66,0.05,8811.97,4606.37,4205.6
ORD-00311,2023-12-30,Customer_011,Pack Standard,West,Rep_Alice,37,25.12,0.2,743.55,346.61,396.94
ORD-00312,2023-04-26,Customer_011,Unit Economy,East,Rep_David,37,373.83,0.2,11065.37,6070.4,4994.97
ORD-00313,2023-10-21,Customer_050,Gadget Plus,East,Rep_Emma,24,275.6,0.2,5291.52,2182.66,3108.86
ORD-00314,2023-10-07,Customer_007,Tool Ultra,West,Rep_Frank,42,378.16,0.0,15882.72,10521.4,5361.32
ORD-00315,2023-05-15,Customer_029,Module Advanced,North,Rep_Alice,50,407.83,0.0,20391.5,13116.03,7275.47
ORD-00316,2023-06-29,Customer_011,Bundle Elite,West,Rep_Emma,9,394.58,0.2,2840.98,1312.77,1528.21
ORD-00317,2023-06-29,Customer_039,Unit Economy,East,Rep_Emma,11,168.59,0.15,1576.32,768.91,807.41
ORD-00318,2023-09-21,Customer_049,Gadget Plus,South,Rep_David,4,496.32,0.2,1588.22,947.8,640.42
ORD-00319,2023-03-09,Customer_046,Tool Ultra,South,Rep_Carol,16,383.12,0.15,5210.43,2698.01,2512.42
ORD-00320,2023-11-20,Customer_025,System Basic,West,Rep_David,5,320.48,0.2,1281.92,548.57,733.35
ORD-00321,2023-05-23,Customer_032,Module Advanced,West,Rep_Carol,38,11.21,0.2,340.78,222.92,117.86
ORD-00322,2023-08-23,Customer_035,Module Advanced,North,Rep_David,14,484.38,0.2,5425.06,2514.82,2910.24
ORD-00323,2023-05-26,Customer_037,Module Advanced,Central,Rep_Bob,37,427.69,0.2,12659.62,6369.33,6290.29
ORD-00324,2023-01-25,Customer_041,Widget Pro,North,Rep_David,2,70.88,0.2,113.41,50.74,62.67
ORD-00325,2023-08-08,Customer_042,Tool Ultra,South,Rep_Carol,11,438.47,0.0,4823.17,2064.33,2758.84
ORD-00326,2023-02-12,Customer_004,Module Advanced,South,Rep_David,41,159.7,0.15,5565.55,3487.2,2078.35
ORD-00327,2023-02-16,Customer_014,Gadget Plus,North,Rep_David,5,75.02,0.0,375.1,208.49,166.61
ORD-00328,2023-01-05,Customer_028,Module Advanced,North,Rep_Frank,9,244.07,0.0,2196.63,1131.09,1065.54
ORD-00329,2023-02-22,Customer_024,Gadget Plus,East,Rep_Carol,9,197.53,0.2,1422.22,890.23,531.99
ORD-00330,2023-12-13,Customer_034,Device Max,North,Rep_Emma,1,309.06,0.0,309.06,164.43,144.63
ORD-00331,2023-11-18,Customer_040,Device Max,West,Rep_Frank,29,431.38,0.0,12510.02,8368.93,4141.09
ORD-00332,2023-03-05,Customer_023,Bundle Elite,West,Rep_David,21,397.63,0.0,8350.23,4033.92,4316.31
ORD-00333,2023-10-11,Customer_047,Bundle Elite,Central,Rep_Emma,19,391.7,0.15,6325.95,2581.29,3744.66
ORD-00334,2023-06-04,Customer_039,Tool Ultra,Central,Rep_Emma,13,376.44,0.0,4893.72,2906.14,1987.58
ORD-00335,2023-05-03,Customer_008,Pack Standard,West,Rep_Bob,32,322.66,0.0,10325.12,5766.43,4558.69
ORD-00336,2023-07-04,Customer_025,Module Advanced,South,Rep_Emma,27,189.05,0.15,4338.7,1960.36,2378.34
ORD-00337,2023-02-07,Customer_005,Widget Pro,Central,Rep_Alice,17,115.71,0.0,1967.07,1346.66,620.41
ORD-00338,2023-05-27,Customer_028,Unit Economy,West,Rep_Frank,26,50.39,0.1,1179.13,661.84,517.29
ORD-00339,2023-02-12,Customer_033,System Basic,North,Rep_Bob,10,272.83,0.05,2591.88,1492.74,1099.14
ORD-00340,2023-11-29,Customer_045,Gadget Plus,East,Rep_David,47,477.18,0.0,22427.46,9360.59,13066.87
ORD-00341,2023-08-11,Customer_040,Gadget Plus,West,Rep_Emma,4,161.55,0.15,549.27,328.14,221.13
ORD-00342,2023-01-07,Customer_011,Device Max,North,Rep_David,23,266.27,0.2,4899.37,3168.68,1730.69
ORD-00343,2023-07-10,Customer_047,Device Max,East,Rep_Alice,50,450.95,0.0,22547.5,14478.48,8069.02
ORD-00344,2023-02-02,Customer_041,System Basic,Central,Rep_Alice,32,233.05,0.0,7457.6,3107.07,4350.53
ORD-00345,2023-03-27,Customer_017,Module Advanced,South,Rep_Alice,37,340.32,0.0,12591.84,5899.55,6692.29
ORD-00346,2023-01-23,Customer_003,Widget Pro,South,Rep_David,24,197.66,0.0,4743.84,2152.22,2591.62
ORD-00347,2023-01-19,Customer_015,Unit Economy,West,Rep_Carol,16,213.97,0.15,2909.99,1443.3,1466.69
ORD-00348,2023-10-20,Customer_033,Module Advanced,North,Rep_Frank,4,97.88,0.2,313.22,173.75,139.47
ORD-00349,2023-07-25,Customer_019,Gadget Plus,West,Rep_Carol,21,52.33,0.05,1043.98,420.09,623.89
ORD-00350,2023-10-16,Customer_016,System Basic,Central,Rep_David,24,299.93,0.05,6838.4,4782.34,2056.06
ORD-00351,2023-10-07,Customer_001,Tool Ultra,South,Rep_David,2,124.17,0.0,248.34,146.71,101.63
ORD-00352,2023-01-05,Customer_049,Module Advanced,North,Rep_Frank,25,426.01,0.15,9052.71,4456.23,4596.48
ORD-00353,2023-05-02,Customer_004,Kit Premium,West,Rep_Bob,46,147.11,0.0,6767.06,4577.12,2189.94
ORD-00354,2023-09-24,Customer_030,Kit Premium,East,Rep_Frank,6,294.58,0.1,1590.73,700.01,890.72
ORD-00355,2023-02-08,Customer_004,Bundle Elite,Central,Rep_David,43,482.47,0.0,20746.21,10113.84,10632.37
ORD-00356,2023-07-21,Customer_029,Module Advanced,East,Rep_Carol,15,46.6,0.0,699.0,308.14,390.86
ORD-00357,2023-02-25,Customer_011,Device Max,North,Rep_David,30,163.88,0.0,4916.4,2757.01,2159.39
ORD-00358,2023-04-17,Customer_030,Pack Standard,East,Rep_Carol,8,54.31,0.2,347.58,210.57,137.01
ORD-00359,2023-12-23,Customer_014,Bundle Elite,North,Rep_Carol,10,54.69,0.0,546.9,377.65,169.25
ORD-00360,2023-01-26,Customer_012,System Basic,East,Rep_Alice,26,428.75,0.1,10032.75,6264.69,3768.06
ORD-00361,2023-08-25,Customer_008,Gadget Plus,South,Rep_Alice,4,416.88,0.0,1667.52,732.4,935.12
ORD-00362,2023-07-10,Customer_038,Gadget Plus,Central,Rep_Carol,5,20.68,,103.4,47.49,55.91
ORD-00363,2023-03-07,Customer_008,Gadget Plus,East,Rep_Alice,30,34.81,0.1,939.87,498.08,441.79
ORD-00364,2023-09-12,Customer_044,Widget Pro,West,Rep_David,12,183.43,0.0,2201.16,1062.05,1139.11
ORD-00365,2023-03-18,Customer_040,Widget Pro,Central,Rep_Emma,16,327.17,0.05,4972.98,2603.84,2369.14
ORD-00366,2023-02-01,Customer_025,Gadget Plus,East,Rep_Bob,27,107.73,0.2,2326.97,1297.85,1029.12
ORD-00367,2023-10-06,Customer_046,Widget Pro,West,Rep_Carol,31,276.81,0.05,8152.05,4102.2,4049.85
ORD-00368,2023-06-14,Customer_012,Kit Premium,East,Rep_Alice,21,302.59,0.0,6354.39,4249.37,2105.02
ORD-00369,2023-01-30,Customer_023,Pack Standard,Central,Rep_Emma,15,487.25,0.0,7308.75,3466.96,3841.79
ORD-00370,2023-10-01,Customer_037,Widget Pro,South,Rep_David,23,468.25,0.2,8615.8,3895.32,4720.48
ORD-00371,2023-06-12,Customer_002,Module Advanced,Central,Rep_Frank,45,182.32,0.1,7383.96,4202.08,3181.88
ORD-00372,2023-04-07,Customer_020,Pack Standard,Central,Rep_Bob,32,28.6,0.0,915.2,429.95,485.25
ORD-00373,2023-09-27,Customer_022,Pack Standard,North,Rep_Emma,13,405.16,0.0,5267.08,3239.68,2027.4
ORD-00374,2023-06-15,Customer_010,Widget Pro,North,Rep_Emma,46,459.44,0.2,16907.39,7325.57,9581.82
ORD-00375,2023-07-06,Customer_046,Gadget Plus,East,Rep_Frank,26,297.15,,7725.9,3789.78,3936.12
ORD-00376,2023-03-22,Customer_042,Kit Premium,West,Rep_Carol,12,356.52,0.1,3850.42,2341.32,1509.1
ORD-00377,2023-07-02,Customer_012,Tool Ultra,Central,Rep_David,20,369.66,0.0,7393.2,3239.73,4153.47
ORD-00378,2023-12-26,Customer_050,Bundle Elite,West,Rep_Emma,3,99.22,,297.66,201.31,96.35
ORD-00379,2023-04-24,Customer_032,Bundle Elite,North,Rep_Bob,22,375.22,0.0,8254.84,4160.79,4094.05
ORD-00380,2023-11-22,Customer_029,Gadget Plus,East,Rep_Alice,17,112.75,0.15,1629.24,684.83,944.41
ORD-00381,2023-02-25,Customer_025,Widget Pro,North,Rep_David,47,215.63,0.0,10134.61,6743.22,3391.39
ORD-00382,2023-07-13,Customer_025,Module Advanced,Central,Rep_Alice,31,396.48,0.1,11061.79,6584.98,4476.81
ORD-00383,2023-03-25,Customer_003,Pack Standard,North,Rep_Carol,2,166.17,0.0,332.34,140.33,192.01
ORD-00384,2023-07-12,Customer_036,Device Max,North,Rep_Alice,22,301.07,0.1,5961.19,3981.88,1979.31
ORD-00385,2023-08-09,Customer_028,Device Max,Central,Rep_Bob,4,59.62,0.0,238.48,165.1,73.38
ORD-00386,2023-10-11,Customer_043,Unit Economy,East,Rep_Carol,20,126.4,0.0,2528.0,1309.18,1218.82
ORD-00387,2023-09-09,Customer_024,Device Max,North,Rep_Alice,28,52.94,0.2,1185.86,709.86,476.0
ORD-00388,2023-04-13,Customer_014,Gadget Plus,North,Rep_Bob,41,152.99,0.0,6272.59,3400.19,2872.4
ORD-00389,2023-07-23,Customer_043,Pack Standard,West,Rep_Carol,6,324.51,0.05,1849.71,842.48,1007.23
ORD-00390,2023-07-09,Customer_003,Device Max,West,Rep_Carol,29,237.88,0.0,6898.52,4491.79,2406.73
ORD-00391,2023-03-19,Customer_043,Gadget Plus,North,Rep_Carol,35,212.85,0.2,5959.8,3438.32,2521.48
ORD-00392,2023-07-18,Customer_035,Unit Economy,West,Rep_Frank,31,290.63,0.0,9009.53,4891.08,4118.45
ORD-00393,2023-01-18,Customer_034,Unit Economy,Central,Rep_Emma,44,491.55,0.0,21628.2,9431.72,12196.48
ORD-00394,2023-03-30,Customer_013,Device Max,South,Rep_Bob,3,217.45,0.15,554.5,294.23,260.27
ORD-00395,2023-11-18,Customer_017,Device Max,Central,Rep_Carol,47,457.95,,21523.65,9171.4,12352.25
ORD-00396,2023-10-10,Customer_034,Module Advanced,East,Rep_David,1,395.41,0.1,355.87,205.08,150.79
ORD-00397,2023-02-27,Customer_010,Kit Premium,South,Rep_Emma,38,295.51,0.0,11229.38,7607.66,3621.72
ORD-00398,2023-02-21,Customer_023,System Basic,Central,Rep_David,17,197.69,0.05,3192.69,1824.96,1367.73
ORD-00399,2023-03-30,Customer_010,System Basic,West,Rep_Emma,39,343.6,0.05,12730.38,5240.27,7490.11
ORD-00400,2023-06-19,Customer_048,Tool Ultra,North,Rep_David,18,449.55,0.0,8091.9,4056.95,4034.95
ORD-00401,2023-06-09,Customer_045,System Basic,West,Rep_Frank,7,486.52,0.0,3405.64,1499.56,1906.08
ORD-00402,2023-08-15,Customer_047,Module Advanced,East,Rep_David,39,326.32,0.0,12726.48,6777.04,5949.44
ORD-00403,2023-07-28,Customer_024,Pack Standard,Central,Rep_Alice,33,397.83,0.0,13128.39,6476.72,6651.67
ORD-00404,2023-03-11,Customer_002,Unit Economy,Central,Rep_Bob,13,438.84,0.0,5704.92,3714.43,1990.49
ORD-00405,2023-08-22,Customer_046,Widget Pro,East,Rep_Bob,18,190.49,0.05,3257.38,1796.57,1460.81
ORD-00406,2023-03-05,Customer_024,Widget Pro,South,Rep_David,39,228.59,0.2,7132.01,3868.22,3263.79
ORD-00407,2023-06-26,Customer_048,Device Max,East,Rep_Frank,6,149.68,0.05,853.18,353.98,499.2
ORD-00408,2023-04-20,Customer_044,Tool Ultra,South,Rep_Bob,18,329.28,0.1,5334.34,2165.83,3168.51
ORD-00409,2023-12-16,Customer_009,Widget Pro,West,Rep_Frank,12,304.56,0.0,3654.72,1707.23,1947.49
ORD-00410,2023-06-06,Customer_025,System Basic,West,Rep_Carol,30,133.48,0.05,3804.18,1866.5,1937.68
ORD-00411,2023-11-16,Customer_007,Kit Premium,Central,Rep_Alice,33,499.72,0.2,13192.61,8599.12,4593.49
ORD-00412,2023-11-01,Customer_020,Bundle Elite,East,Rep_Frank,7,246.05,0.0,1722.35,1199.63,522.72
ORD-00413,2023-05-22,Customer_013,System Basic,East,Rep_Bob,34,385.08,0.0,13092.72,8400.67,4692.05
ORD-00414,2023-11-04,Customer_044,Kit Premium,East,Rep_Bob,47,22.47,0.05,1003.29,701.54,301.75
ORD-00415,2023-08-03,Customer_048,Kit Premium,West,Rep_Alice,38,356.95,0.1,12207.69,7871.57,4336.12
ORD-00416,2023-04-24,Customer_043,Unit Economy,West,Rep_Carol,33,157.1,0.0,5184.3,3381.16,1803.14
ORD-00417,2023-04-03,Customer_031,System Basic,North,Rep_Bob,48,136.74,0.2,5250.82,2980.94,2269.88
ORD-00418,2023-12-15,Customer_015,Module Advanced,North,Rep_Carol,15,374.66,0.0,5619.9,2956.86,2663.04
ORD-00419,2023-07-10,Customer_019,System Basic,Central,Rep_David,8,240.56,0.2,1539.58,908.84,630.74
ORD-00420,2023-11-14,Customer_013,Gadget Plus,West,Rep_Emma,8,435.07,0.05,3306.53,1848.19,1458.34
ORD-00421,2023-03-19,Customer_022,Device Max,South,Rep_David,37,447.49,0.05,15729.27,6967.55,8761.72
ORD-00422,2023-04-03,Customer_022,Gadget Plus,West,Rep_Frank,12,163.57,0.0,1962.84,787.91,1174.93
ORD-00423,2023-03-28,Customer_032,Bundle Elite,South,Rep_Alice,9,311.1,0.15,2379.91,1258.55,1121.36
ORD-00424,2023-09-02,Customer_003,Kit Premium,North,Rep_Emma,13,368.02,0.0,4784.26,3193.98,1590.28
ORD-00425,2023-09-29,Customer_044,Tool Ultra,North,Rep_Alice,41,369.47,0.0,15148.27,9211.02,5937.25
ORD-00426,2023-03-08,Customer_033,Gadget Plus,West,Rep_Emma,20,91.84,0.2,1469.44,607.93,861.51
ORD-00427,2023-08-22,Customer_034,Unit Economy,Central,Rep_Carol,28,445.11,0.0,12463.08,6266.68,6196.4
ORD-00428,2023-07-03,Customer_026,Tool Ultra,South,Rep_Alice,15,119.92,0.0,18071.35,833.49,965.31
ORD-00429,2023-03-05,Customer_025,Module Advanced,North,Rep_Frank,17,387.91,0.1,5935.02,2460.52,3474.5
ORD-00430,2023-12-05,Customer_004,Gadget Plus,North,Rep_Frank,8,214.22,0.05,1628.07,711.59,916.48
ORD-00431,2023-12-26,Customer_045,Device Max,South,Rep_Frank,41,14.56,0.05,567.11,339.41,227.7
ORD-00432,2023-05-19,Customer_045,Bundle Elite,Central,Rep_Bob,27,417.02,0.0,11259.54,6231.88,5027.66
ORD-00433,2023-05-25,Customer_032,Gadget Plus,North,Rep_Bob,39,107.88,0.0,4207.32,2732.44,1474.88
ORD-00434,2023-07-03,Customer_011,Kit Premium,East,Rep_Alice,36,253.21,0.0,9115.56,5528.23,3587.33
ORD-00435,2023-05-01,Customer_043,Widget Pro,North,Rep_Alice,8,419.26,0.15,2850.97,1562.99,1287.98
ORD-00436,2023-09-19,Customer_017,Gadget Plus,North,Rep_Frank,15,233.81,0.0,3507.15,1680.76,1826.39
ORD-00437,2023-03-31,Customer_024,Widget Pro,East,Rep_Frank,21,218.74,0.0,4593.54,1968.33,2625.21
ORD-00438,2023-01-24,Customer_043,Widget Pro,South,Rep_Frank,11,171.04,0.05,1787.37,1227.08,560.29
ORD-00439,2023-02-17,Customer_012,Module Advanced,East,Rep_Alice,26,206.12,0.05,5091.16,2451.65,2639.51
ORD-00440,2023-09-02,Customer_008,Kit Premium,South,Rep_Bob,45,365.94,0.2,13173.84,5899.49,7274.35
ORD-00441,2023-10-30,Customer_044,Pack Standard,Central,Rep_David,12,309.55,0.2,35198.48,1508.36,1463.32
ORD-00442,2023-03-08,Customer_008,Pack Standard,West,Rep_David,29,32.53,0.0,12908.44,562.71,380.66
ORD-00443,2023-09-26,Customer_015,Bundle Elite,Central,Rep_Frank,22,264.36,0.15,4943.53,3016.41,1927.12
ORD-00444,2023-12-05,Customer_023,Tool Ultra,West,Rep_Frank,44,324.29,0.0,14268.76,9299.09,4969.67
ORD-00445,2023-11-10,Customer_042,Widget Pro,North,Rep_Bob,33,425.93,0.2,11244.55,6170.45,5074.1
ORD-00446,2023-09-09,Customer_022,Module Advanced,South,Rep_Carol,4,258.4,0.1,930.24,551.63,378.61
ORD-00447,2023-05-01,Customer_029,Gadget Plus,West,Rep_Emma,29,53.13,0.05,1463.73,781.81,681.92
ORD-00448,2023-09-12,Customer_026,Widget Pro,North,Rep_David,3,282.99,0.0,848.97,549.94,299.03
ORD-00449,2023-11-13,Customer_036,System Basic,Central,Rep_Bob,42,339.02,0.0,14238.84,7247.61,6991.23
ORD-00450,2023-04-25,Customer_036,Pack Standard,,Rep_Emma,39,241.84,0.15,8017.0,4080.56,3936.44
ORD-00451,2023-02-19,Customer_022,Tool Ultra,North,Rep_Carol,41,482.57,,19785.37,11165.03,8620.34
ORD-00452,2023-02-24,Customer_032,Widget Pro,South,Rep_Bob,46,373.83,0.05,16336.37,7058.76,9277.61
ORD-00453,2023-04-07,Customer_014,Gadget Plus,West,Rep_David,13,361.23,0.0,4695.99,2945.07,1750.92
ORD-00454,2023-11-21,Customer_050,Bundle Elite,North,Rep_David,30,332.64,0.1,8981.28,3955.27,5026.01
ORD-00455,2023-09-29,Customer_028,Widget Pro,Central,Rep_Emma,31,462.94,0.2,11480.91,7765.1,3715.81
ORD-00456,2023-10-24,Customer_007,Device Max,South,Rep_David,43,304.27,0.0,13083.61,7212.12,5871.49
ORD-00457,2023-11-08,Customer_026,Tool Ultra,East,Rep_Carol,19,231.89,0.0,4405.91,1945.01,2460.9
ORD-00458,2023-09-20,Customer_021,System Basic,Central,Rep_Frank,48,468.4,0.15,19110.72,8890.36,10220.36
ORD-00459,2023-05-29,Customer_046,Module Advanced,South,Rep_Frank,12,256.91,0.15,2620.48,1548.87,1071.61
ORD-00460,2023-06-30,Customer_038,Unit Economy,West,Rep_Emma,43,357.96,0.15,13083.44,8168.78,4914.66
ORD-00461,2023-05-27,Customer_034,Kit Premium,North,Rep_Alice,2,196.63,0.0,393.26,236.38,156.88
ORD-00462,2023-03-24,Customer_010,System Basic,East,Rep_Alice,45,394.34,0.0,17745.3,11109.95,6635.35
ORD-00463,2023-08-20,Customer_044,Gadget Plus,Central,Rep_Frank,36,433.77,0.15,13273.36,7886.18,5387.18
ORD-00464,2023-09-19,Customer_025,System Basic,North,Rep_David,27,478.78,0.15,10988.0,5425.83,5562.17
ORD-00465,2023-01-07,Customer_040,System Basic,South,Rep_David,15,456.63,0.15,5822.03,3568.11,2253.92
ORD-00466,2023-10-29,Customer_013,Unit Economy,Central,Rep_Frank,13,154.15,0.0,2003.95,1392.82,611.13
ORD-00467,2023-03-30,Customer_025,Unit Economy,North,Rep_Alice,28,146.77,0.0,4109.56,1804.18,2305.38
ORD-00468,2023-05-11,Customer_030,Widget Pro,East,Rep_Frank,10,29.57,0.0,295.7,171.23,124.47
ORD-00469,2023-11-17,Customer_032,Bundle Elite,East,Rep_Emma,36,185.46,0.2,5341.25,3270.47,2070.78
ORD-00470,2023-04-05,Customer_033,Unit Economy,North,Rep_Bob,27,276.11,0.05,7082.22,3028.24,4053.98
ORD-00471,2023-04-20,Customer_024,Module Advanced,East,Rep_Carol,14,475.65,0.1,5993.19,3351.09,2642.1
ORD-00472,2023-11-29,Customer_043,Widget Pro,North,Rep_Carol,29,127.77,0.15,3149.53,1839.67,1309.86
ORD-00473,2023-01-21,Customer_008,Module Advanced,West,Rep_David,17,274.72,0.0,4670.24,1902.71,2767.53
ORD-00474,2023-07-11,Customer_029,Unit Economy,Central,Rep_David,3,155.25,0.15,395.89,181.22,214.67
ORD-00475,2023-02-19,Customer_035,Device Max,Central,Rep_Alice,41,42.08,0.15,1466.49,863.55,602.94
ORD-00476,2023-12-17,Customer_014,Kit Premium,North,Rep_Emma,45,440.53,0.15,16850.27,10658.84,6191.43
ORD-00477,2023-02-06,Customer_030,Device Max,North,Rep_Frank,22,28.56,0.0,628.32,261.56,366.76
ORD-00478,2023-10-13,Customer_015,Gadget Plus,Central,Rep_Carol,27,200.14,0.15,4593.21,2394.6,2198.61
ORD-00479,2023-07-19,Customer_001,Gadget Plus,Central,Rep_Frank,47,312.99,0.2,11768.42,7340.97,4427.45
ORD-00480,2023-02-07,Customer_007,Module Advanced,Central,Rep_Carol,44,157.66,0.0,6937.04,3360.69,3576.35
ORD-00481,2023-07-15,Customer_031,Kit Premium,North,Rep_Bob,35,117.73,0.15,3502.47,1811.82,1690.65
ORD-00482,2023-10-07,Customer_020,System Basic,South,Rep_Frank,47,327.49,0.0,15392.03,8712.77,6679.26
ORD-00483,2023-03-05,Customer_037,Widget Pro,North,Rep_Emma,26,273.2,0.0,7103.2,3490.56,3612.64
ORD-00484,2023-06-26,Customer_042,Tool Ultra,West,Rep_Emma,10,88.87,0.0,888.7,519.95,368.75
ORD-00485,2023-02-28,Customer_004,Device Max,Central,Rep_Emma,30,325.89,0.0,9776.7,4763.17,5013.53
ORD-00486,2023-02-20,Customer_032,Tool Ultra,Central,Rep_Carol,23,72.83,0.15,1423.83,669.71,754.12
ORD-00487,2023-02-05,Customer_032,Tool Ultra,East,Rep_David,22,312.01,0.0,6864.22,4173.7,2690.52
ORD-00488,2023-10-18,Customer_028,Module Advanced,East,Rep_Bob,1,163.48,0.2,130.78,61.0,69.78
ORD-00489,2023-08-12,Customer_009,System Basic,East,Rep_Frank,47,172.47,0.05,7700.79,4149.61,3551.18
ORD-00490,2023-06-06,Customer_007,Pack Standard,Central,Rep_Bob,42,307.25,0.2,10323.6,4998.53,5325.07
ORD-00491,2023-10-03,Customer_047,Tool Ultra,East,Rep_Frank,5,366.44,0.0,1832.2,1199.86,632.34
ORD-00492,2023-10-25,Customer_050,Bundle Elite,West,Rep_Emma,14,454.09,0.1,5721.53,2735.95,2985.58
ORD-00493,2023-10-04,Customer_024,Pack Standard,South,Rep_David,15,446.8,0.1,6031.8,3739.52,2292.28
ORD-00494,2023-08-26,Customer_006,Unit Economy,Central,Rep_David,24,256.06,0.15,5223.62,2463.79,2759.83
ORD-00495,2023-11-11,Customer_009,Device Max,Central,Rep_David,11,97.78,0.1,968.02,578.71,389.31
ORD-00496,2023-09-05,Customer_015,Module Advanced,North,Rep_David,15,40.8,0.0,612.0,287.77,324.23
ORD-00497,2023-09-23,Customer_031,Module Advanced,West,Rep_David,3,29.55,0.15,75.35,37.47,37.88
ORD-00498,2023-09-24,Customer_038,System Basic,East,Rep_Emma,37,95.19,0.15,2993.73,1537.45,1456.28
ORD-00499,2023-02-09,Customer_025,Unit Economy,East,Rep_Bob,34,208.86,0.2,5680.99,3751.25,1929.74
ORD-00500,2023-09-04,Customer_033,Bundle Elite,North,Rep_Bob,29,91.15,0.0,2643.35,1465.37,1177.98
